{"unstable": [[0.0, 0.0, 0.0, 0.5024200501897369], [0.9968583823505169, 0.8594076858021978, 0.22942740384647242, 0.5079298626302291], [0.5095800996079533, 0.287361172836077, 0.8222160221900968, 0.7009634416986107], [0.8692398434239424, 0.92193795878321, 0.1804833077620669, 0.7298961756733221], [0.10952944365287609, 0.8146708698098651, 0.14064578683261597, 0.8853197205466037]]}
{"unstable": [[0.0, 0.0, 0.0, 0.1682762762531037], [0.3051792617328516, 0.7113245534758572, 0.9856995792993279, 0.207878582331122], [0.34698026567534357, 0.037499225523897284, 0.08901740388904522, 0.5149461040678374], [0.9234903492862842, 0.9762641670984804, 0.43373486226627656, 0.7484488505886595], [0.5074609136600978, 0.9613026227661481, 0.8469732648858227, 0.8836423959349787]]}
{"zebrafish": [[0.0, 0.0, 0.0, 0.042209936586216745], [0.09995880769963394, 0.6321542164696992, 0.2876936267639152, 0.23116886163842754], [0.9310051159481586, 0.09372948775400447, 0.09817111364259146, 0.23297203597019922], [0.42446577362126536, 0.9636903357329633, 0.9902103697371952, 0.7774365520149341], [0.4607546533915887, 0.13162671659379532, 0.21942321929129216, 0.853181337152588]]}
