{"coral": [[0.0, 0.0, 0.0, 0.2408279435012507], [0.5311151849834542, 0.05847862105520607, 0.09153030424243935, 0.36910374476513574], [0.11224882773997724, 0.5125222102688397, 0.8588472713027996, 0.43526323499705055], [0.8003011034396409, 0.6887108952036013, 0.771672359684874, 0.43583975023552113], [0.00425158326992825, 0.7389086239805556, 0.0866181115505279, 0.8562696509761168]]}
{"coral": [[0.0, 0.0, 0.0, 0.2636269113429083], [0.934086870336191, 0.2881950150104239, 0.10219139043892445, 0.3893283161207959], [0.6390360402426669, 0.6513488780959018, 0.6685285842287373, 0.755256146509716], [0.291034615774608, 0.5248451283039796, 0.9561821679962421, 0.9335348106717621], [0.26862002524420625, 0.867833577062368, 0.5323209265528417, 0.9908542120395826]]}
{"coral": [[0.0, 0.0, 0.0, 0.3105974026857211], [0.42636832776534717, 0.5298730533676222, 0.8803428762365224, 0.39032692775872224], [0.3313414445884937, 0.7065280097448965, 0.20647690714816225, 0.48174234816936556], [0.28851559551147876, 0.8496868993834421, 0.19211847177312014, 0.6556809606344985], [0.15871071763733757, 0.9092004322667023, 0.2574298192705168, 0.7503179312778611]]}
{"coral": [[0.0, 0.0, 0.0, 0.29324753643275725], [0.20240235259233375, 0.7291609634396524, 0.15151834631007388, 0.38211017627228383], [0.2486594185876212, 0.3149176732776712, 0.7987167388782467, 0.5960489820728612], [0.8362932620166288, 0.2060291161948773, 0.8479282690828067, 0.6242146616568923], [0.03367616744856339, 0.6445353374531289, 0.7101979449836433, 0.9638203385320213]]}
{"fingerprint": [[0.0, 0.0, 0.0, 0.31756071207876624], [0.8013167922224441, 0.29688009691977313, 0.46789070752055884, 0.47168668633634003], [0.5566772713606126, 0.5464402467590302, 0.6894428346247162, 0.5015026390396832], [0.9962068018890763, 0.31012957253838, 0.018212882877103542, 0.562617498570067], [0.2791219922314536, 0.5892249528514845, 0.13690243223453924, 0.8316204207850363]]}
{"bacteria1": [[0.0, 0.0, 0.0, 0.00911218], [0.89448173, 0.8683275, 0.36228177, 0.08429365], [0.27026778, 0.10668657, 0.7672787, 0.19460631], [0.31555575, 0.18031369, 0.99644908, 0.39446187], [1.0, 1.0, 1.0, 0.88008265]]}
{"coral": [[0.0, 0.0, 0.0, 0.3046667368733065], [0.7814169211600942, 0.3386289531628731, 0.4653205940254336, 0.42426782434894117], [0.06150330744307653, 0.5348622139107555, 0.1118882767833057, 0.4713810595321267], [0.9551241904278464, 0.6131856511255948, 0.1144135220729604, 0.596217278780569], [1.0, 1.0, 1.0, 0.7765753457732116]]}
{"bacteria2": [[0.0, 0.0, 0.0, 0.008044679471526317], [0.8564929681139094, 0.8542188009928156, 0.960239608582909, 0.08966417827051676], [0.678401580809297, 0.5509021503557511, 0.020353211154606532, 0.29839069532071827], [0.21738760783546962, 0.7083994222092906, 0.9398307124727517, 0.35695490423039833], [0.13933918198248407, 0.9026430531212369, 0.8579418889103844, 0.3710631288945695]]}
{"unstable": [[0.0, 0.0, 0.0, 0.04561259301742171], [0.509289035304249, 0.4759877891857036, 0.037290084150324976, 0.24568866201122785], [0.27006360204977564, 0.7006090293055679, 0.5944571564955735, 0.2669961944100273], [0.2009415432796532, 0.07109015085783377, 0.16891653854932287, 0.39125970641344243], [0.12078912550846588, 0.9817744926504707, 0.14657925465351052, 0.8134170464215698]]}
{"zebrafish": [[0.0, 0.0, 0.0, 0.2497017118504974], [0.7516429632055176, 0.18693026635765098, 0.18551662035333816, 0.327908834794862], [0.8118008058308216, 0.7056237105350447, 0.9214016406697624, 0.3987928040282678], [0.9444650482583284, 0.5335488724074344, 0.43022418126332507, 0.7448698378174143], [0.48309766460210357, 0.48071150052391276, 0.04051151694687738, 0.8382566583599176]]}
{"spirals_dense": [[0.0, 0.0, 0.0, 0.0345231394539095], [0.6654758716856115, 0.6006410689795787, 0.7755745488520333, 0.22174687023764095], [0.4367963157013425, 0.17348956243956815, 0.10062912787649747, 0.43459933707697573], [0.512665757151032, 0.8685499840401486, 0.017905866606798382, 0.5678621635063511], [0.2932318702525123, 0.8113614322519399, 0.6621407932726686, 0.6797832098220808]]}
{"coral": [[0.0, 0.0, 0.0, 0.050341894586574676], [0.6085055304419846, 0.4511354013811373, 0.1872336368174311, 0.2756510349016138], [0.3074414841556379, 0.7648258555831938, 0.9417694747774419, 0.33881938019525293], [0.01585678632500409, 0.042229392352104655, 0.4733851463322297, 0.3859414830253244], [1.0, 1.0, 1.0, 0.597106768524065]]}
{"coral": [[0.0, 0.0, 0.0, 0.26105636481740124], [0.7240912378889237, 0.36595810815051677, 0.3800330894937146, 0.3626836747505714], [0.9009088728701871, 0.7006856621725033, 0.1557808610437278, 0.4039772053785564], [0.5570958584980852, 0.5387139835857373, 0.9702277147017428, 0.997711164369718], [1.0, 1.0, 1.0, 0.9997675550928371]]}
{"coral": [[0.0, 0.0, 0.0, 0.07172794578461628], [0.0738978159892385, 0.1254320983772521, 0.15404735364352418, 0.3188555106300065], [0.4910721271192898, 0.0172950376509301, 0.10800824076132742, 0.36793116868624876], [0.843145219727043, 0.7825032568404494, 0.8491969840969092, 0.40999007569286294], [1.0, 1.0, 1.0, 0.49502959069594765]]}
{"unstable": [[0.0, 0.0, 0.0, 0.07172794578461628], [0.0738978159892385, 0.1254320983772521, 0.15404735364352418, 0.3188555106300065], [0.4910721271192898, 0.0172950376509301, 0.10800824076132742, 0.36793116868624876], [0.843145219727043, 0.7825032568404494, 0.8491969840969092, 0.40999007569286294], [1.0, 1.0, 1.0, 0.49502959069594765]]}
{"coral": [[0.0, 0.0, 0.0, 0.32886849645711], [0.6810300081116571, 0.0928864549580869, 0.5507236007532273, 0.34533916772384854], [0.5335075716777599, 0.8540650897150442, 0.0031452543227529217, 0.3779701330599762], [0.4333645552721097, 0.914824606299703, 0.41637284750518166, 0.5831212877059919], [1.0, 1.0, 1.0, 0.6609043142306921]]}
{"coral": [[0.0, 0.0, 0.0, 0.30977468467851854], [0.7265810500704493, 0.45199766667911256, 0.4123428949470288, 0.37651708004916284], [0.060306814085170024, 0.7015909946790627, 0.05764550291064463, 0.7427011227241772], [0.19358503695519913, 0.29212891818833664, 0.4106943554762831, 0.8908560081917264], [1.0, 1.0, 1.0, 0.9855974436569321]]}
{"bacteria2": [[0.0, 0.0, 0.0, 0.16451625868550257], [0.5957736772178064, 0.4747503008514379, 0.7114039274620825, 0.3454011705717084], [0.6561313834057579, 0.9163298073961554, 0.7982556324606388, 0.36772991573960967], [0.6614139691844279, 0.47214387484219555, 0.8688596882217562, 0.6126807090013637], [0.03645690488963438, 0.42973235158971, 0.35344495207881355, 0.8206435243945511]]}
{"worms2": [[0.0, 0.0, 0.0, 0.22913059115780765], [0.996482566027213, 0.4647481113868993, 0.3274543230057898, 0.3697499487319945], [0.006391964246997728, 0.013899757135429902, 0.6085946206054584, 0.40602650956757236], [0.7422165505426427, 0.9541528503898786, 0.34744712592280025, 0.6419945457848577], [1.0, 1.0, 1.0, 0.8163147200855366]]}
{"spirals_dense": [[0.0, 0.0, 0.0, 0.21349961000653772], [0.6761001761950949, 0.15749449969108276, 0.08158251306390174, 0.32983466439423037], [0.3760842062573916, 0.6396318534549468, 0.7818330123676897, 0.45424374316622196], [0.2887868457813637, 0.3197483271839524, 0.5668291921783012, 0.5872262947395529], [1.0, 1.0, 1.0, 0.951604079479039]]}
{"unstable": [[0.0, 0.0, 0.0, 0.00559854417594563], [0.11281944612865924, 0.7268473823213382, 0.6856227319980079, 0.30675727092781735], [0.18858800227813655, 0.033422943000738004, 0.2896619147666575, 0.3808281489774601], [0.27647057889086024, 0.2342248840333322, 0.40320097266847255, 0.5539804750319275], [1.0, 1.0, 1.0, 0.6124417207029901]]}
{"worms2": [[0.0, 0.0, 0.0, 0.00559854417594563], [0.11281944612865924, 0.7268473823213382, 0.6856227319980079, 0.30675727092781735], [0.18858800227813655, 0.033422943000738004, 0.2896619147666575, 0.3808281489774601], [0.27647057889086024, 0.2342248840333322, 0.40320097266847255, 0.5539804750319275], [1.0, 1.0, 1.0, 0.6124417207029901]]}
